name,sample,seq_bc
P7-xi7001,Plt01,CAAGCTCTTCC
P7-xi7002,Plt02,CCTAGATCAGA
P7-xi7003,Plt03,TAACGGCGATA
P7-xi7004,Plt04,CTCTCCAAGAA
P7-xi7005,Plt05,TTGCGACAGAA
P7-xi7006,Plt06,AATGCCAGGAA
P7-xi7007,Plt07,ACGTAACGGAA
P7-xi7008,Plt08,TCCGCATGGAA
P7-xi7009,Plt09,CAGTGTACGAA
P7-xi7010,Plt10,ATCTGAGCGAA
P7-xi7011,Plt11,TCCAGAGACAA
P7-xi7012,Plt12,CCTATTGGCAA
P7-xi7013,Plt13,CCACAACTCAA
P7-xi7014,Plt14,CCGGCACATAA
P7-xi7015,Plt15,ACTCCGTGTAA
P7-xi7016,Plt16,TTATCACCGGA
P7-xi7017,Plt17,CTTCAATGCGA
P7-xi7018,Plt18,CAAGACGTTGA
P7-xi7019,Plt19,CTCGGTCTTGA
P7-xi7020,Plt20,TAGCTAAGGCA
